34;EL ENCANTO;2;1;91263
35;LA CHORRERA;2;1;91405
36;LA PEDRERA;2;1;91407
37;LA VICTORIA;2;1;91430
38;LETICIA;2;1;91001
39;MIRITI - PARANA;2;1;91460
40;PUERTO ALEGRIA;2;1;91530
41;PUERTO ARICA;2;1;91536
42;PUERTO NARIÑO;2;1;91540
43;PUERTO SANTANDER;2;1;91669
44;TARAPACA;2;1;91798
45;ABEJORRAL;2;2;5002
46;ABRIAQUI;2;2;5004
47;ALEJANDRIA;2;2;5021
48;AMAGA;2;2;5030
49;AMALFI;2;2;5031
50;ANDES;2;2;5034
51;ANGELOPOLIS;2;2;5036
52;ANGOSTURA;2;2;5038
53;ANORI;2;2;5040
54;ANZA;2;2;5044
55;APARTADO;2;2;5045
56;ARBOLETES;2;2;5051
57;ARGELIA;2;2;5055
58;ARMENIA;2;2;5059
59;BARBOSA;2;2;5079
60;BELLO;2;2;5088
61;BELMIRA;2;2;5086
62;BETANIA;2;2;5091
63;BETULIA;2;2;5093
64;BRICEÑO;2;2;5107
65;BURITICA;2;2;5113
66;CACERES;2;2;5120
67;CAICEDO;2;2;5125
68;CALDAS;2;2;5129
69;CAMPAMENTO;2;2;5134
70;CAÑASGORDAS;2;2;5138
71;CARACOLI;2;2;5142
72;CARAMANTA;2;2;5145
73;CAREPA;2;2;5147
74;CAROLINA;2;2;5150
75;CAUCASIA;2;2;5154
76;CHIGORODO;2;2;5172
77;CISNEROS;2;2;5190
78;CIUDAD BOLIVAR;2;2;5101
79;COCORNA;2;2;5197
80;CONCEPCION;2;2;5206
81;CONCORDIA;2;2;5209
82;COPACABANA;2;2;5212
83;DABEIBA;2;2;5234
84;DON MATIAS;2;2;5237
85;EBEJICO;2;2;5240
86;EL BAGRE;2;2;5250
87;EL CARMEN DE VIBORAL;2;2;5148
88;EL SANTUARIO;2;2;5697
89;ENTRERRIOS;2;2;5264
90;ENVIGADO;2;2;5266
91;FREDONIA;2;2;5282
92;FRONTINO;2;2;5284
93;GIRALDO;2;2;5306
94;GIRARDOTA;2;2;5308
95;GOMEZ PLATA;2;2;5310
96;GRANADA;2;2;5313
97;GUADALUPE;2;2;5315
98;GUARNE;2;2;5318
99;GUATAPE;2;2;5321
100;HELICONIA;2;2;5347
101;HISPANIA;2;2;5353
102;ITAGUI;2;2;5360
103;ITUANGO;2;2;5361
104;JARDIN;2;2;5364
105;JERICO;2;2;5368
106;LA CEJA;2;2;5376
107;LA ESTRELLA;2;2;5380
108;LA PINTADA;2;2;5390
109;LA UNION;2;2;5400
110;LIBORINA;2;2;5411
111;MACEO;2;2;5425
112;MARINILLA;2;2;5440
113;MEDELLIN;2;2;5001
114;MONTEBELLO;2;2;5467
115;MURINDO;2;2;5475
116;MUTATA;2;2;5480
117;NARIÑO;2;2;5483
118;NECHI;2;2;5495
119;NECOCLI;2;2;5490
120;OLAYA;2;2;5501
121;PEÑOL;2;2;5541
122;PEQUE;2;2;5543
123;PUEBLORRICO;2;2;5576
124;PUERTO BERRIO;2;2;5579
125;PUERTO NARE;2;2;5585
126;PUERTO TRIUNFO;2;2;5591
127;REMEDIOS;2;2;5604
128;RETIRO;2;2;5607
129;RIONEGRO;2;2;5615
130;SABANALARGA;2;2;5628
131;SABANETA;2;2;5631
132;SALGAR;2;2;5642
133;SAN ANDRES;2;2;5647
134;SAN CARLOS;2;2;5649
135;SAN FRANCISCO;2;2;5652
136;SAN JERONIMO;2;2;5656
137;SAN JOSE DE LA MONTAÑA;2;2;5658
138;SAN JUAN DE URABA;2;2;5659
139;SAN LUIS;2;2;5660
140;SAN PEDRO;2;2;5664
141;SAN PEDRO DE URABA;2;2;5665
142;SAN RAFAEL;2;2;5667
143;SAN ROQUE;2;2;5670
144;SAN VICENTE;2;2;5674
145;SANTA BARBARA;2;2;5679
146;SANTA ROSA DE OSOS;2;2;5686
147;SANTAFE DE 2;2;2;5042
148;SANTO DOMINGO;2;2;5690
149;SEGOVIA;2;2;5736
150;SONSON;2;2;5756
151;SOPETRAN;2;2;5761
152;TAMESIS;2;2;5789
153;TARAZA;2;2;5790
154;TARSO;2;2;5792
155;TITIRIBI;2;2;5809
156;TOLEDO;2;2;5819
157;TURBO;2;2;5837
158;URAMITA;2;2;5842
159;URRAO;2;2;5847
160;VALDIVIA;2;2;5854
161;VALPARAISO;2;2;5856
162;VEGACHI;2;2;5858
163;VENECIA;2;2;5861
164;VIGIA DEL FUERTE;2;2;5873
165;YALI;2;2;5885
166;YARUMAL;2;2;5887
167;YOLOMBO;2;2;5890
168;YONDO;2;2;5893
169;ZARAGOZA;2;2;5895
170;ARAUCA;2;3;81001
171;ARAUQUITA;2;3;81065
172;CRAVO NORTE;2;3;81220
173;FORTUL;2;3;81300
174;PUERTO RONDON;2;3;81591
175;SARAVENA;2;3;81736
176;TAME;2;3;81794
177;PROVIDENCIA;2;4;88564
178;SAN ANDRES;2;4;88001
179;BARANOA;2;5;8078
180;BARRANQUILLA;2;5;8001
181;CAMPO DE LA CRUZ;2;5;8137
182;CANDELARIA;2;5;8141
183;GALAPA;2;5;8296
184;JUAN DE ACOSTA;2;5;8372
185;LURUACO;2;5;8421
186;MALAMBO;2;5;8433
187;MANATI;2;5;8436
188;PALMAR DE VARELA;2;5;8520
189;PIOJO;2;5;8549
190;POLONUEVO;2;5;8558
191;PONEDERA;2;5;8560
192;PUERTO COLOMBIA;2;5;8573
193;REPELON;2;5;8606
194;SABANAGRANDE;2;5;8634
195;SABANALARGA;2;5;8638
196;SANTA LUCIA;2;5;8675
197;SANTO TOMAS;2;5;8685
198;SOLEDAD;2;5;8758
199;SUAN;2;5;8770
200;TUBARA;2;5;8832
201;USIACURI;2;5;8849
202;BOGOTA;2;33;11001
203;ACHI;2;6;13006
204;ALTOS DEL ROSARIO;2;6;13030
205;ARENAL;2;6;13042
206;ARJONA;2;6;13052
207;ARROYOHONDO;2;6;13062
208;BARRANCO DE LOBA;2;6;13074
209;CALAMAR;2;6;13140
210;CANTAGALLO;2;6;13160
211;CARTAGENA;2;6;13001
212;CICUCO;2;6;13188
213;CLEMENCIA;2;6;13222
214;CORDOBA;2;6;13212
215;EL CARMEN DE BOLIVAR;2;6;13244
216;EL GUAMO;2;6;13248
217;EL PEÑON;2;6;13268
218;HATILLO DE LOBA;2;6;13300
219;MAGANGUE;2;6;13430
220;MAHATES;2;6;13433
221;MARGARITA;2;6;13440
222;MARIA LA BAJA;2;6;13442
223;MOMPOS;2;6;13468
224;MONTECRISTO;2;6;13458
225;MORALES;2;6;13473
226;PINILLOS;2;6;13549
227;REGIDOR;2;6;13580
228;RIO VIEJO;2;6;13600
229;SAN CRISTOBAL;2;6;13620
230;SAN ESTANISLAO;2;6;13647
231;SAN FERNANDO;2;6;13650
232;SAN JACINTO;2;6;13654
233;SAN JACINTO DEL CAUCA;2;6;13655
234;SAN JUAN NEPOMUCENO;2;6;13657
235;SAN MARTIN DE LOBA;2;6;13667
236;SAN PABLO;2;6;13670
237;SANTA CATALINA;2;6;13673
238;SANTA ROSA;2;6;13683
239;SANTA ROSA DEL SUR;2;6;13688
240;SIMITI;2;6;13744
241;SOPLAVIENTO;2;6;13760
242;TALAIGUA NUEVO;2;6;13780
243;TIQUISIO;2;6;13810
244;TURBACO;2;6;13836
245;TURBANA;2;6;13838
246;VILLANUEVA;2;6;13873
247;ZAMBRANO;2;6;13894
248;ALMEIDA;2;7;15022
249;AQUITANIA;2;7;15047
250;ARCABUCO;2;7;15051
251;BELEN;2;7;15087
252;BERBEO;2;7;15090
253;BETEITIVA;2;7;15092
254;BOAVITA;2;7;15097
255;BOYACA;2;7;15104
256;BRICEÑO;2;7;15106
257;BUENAVISTA;2;7;15109
258;BUSBANZA;2;7;15114
259;CALDAS;2;7;15131
260;CAMPOHERMOSO;2;7;15135
261;CERINZA;2;7;15162
262;CHINAVITA;2;7;15172
263;CHIQUINQUIRA;2;7;15176
264;CHIQUIZA;2;7;15232
265;CHISCAS;2;7;15180
266;CHITA;2;7;15183
267;CHITARAQUE;2;7;15185
268;CHIVATA;2;7;15187
269;CHIVOR;2;7;15236
270;CIENEGA;2;7;15189
271;COMBITA;2;7;15204
272;COPER;2;7;15212
273;CORRALES;2;7;15215
274;COVARACHIA;2;7;15218
275;CUBARA;2;7;15223
276;CUCAITA;2;7;15224
277;CUITIVA;2;7;15226
278;DUITAMA;2;7;15238
279;EL COCUY;2;7;15244
280;EL ESPINO;2;7;15248
281;FIRAVITOBA;2;7;15272
282;FLORESTA;2;7;15276
283;GACHANTIVA;2;7;15293
284;GAMEZA;2;7;15296
285;GARAGOA;2;7;15299
286;GUACAMAYAS;2;7;15317
287;GUATEQUE;2;7;15322
288;GUAYATA;2;7;15325
289;GÜICAN;2;7;15332
290;IZA;2;7;15362
291;JENESANO;2;7;15367
292;JERICO;2;7;15368
293;LA CAPILLA;2;7;15380
294;LA UVITA;2;7;15403
295;LA VICTORIA;2;7;15401
296;LABRANZAGRANDE;2;7;15377
297;MACANAL;2;7;15425
298;MARIPI;2;7;15442
299;MIRAFLORES;2;7;15455
300;MONGUA;2;7;15464
301;MONGUI;2;7;15466
302;MONIQUIRA;2;7;15469
303;MOTAVITA;2;7;15476
304;MUZO;2;7;15480
305;NOBSA;2;7;15491
306;NUEVO COLON;2;7;15494
307;OICATA;2;7;15500
308;OTANCHE;2;7;15507
309;PACHAVITA;2;7;15511
310;PAEZ;2;7;15514
311;PAIPA;2;7;15516
312;PAJARITO;2;7;15518
313;PANQUEBA;2;7;15522
314;PAUNA;2;7;15531
315;PAYA;2;7;15533
316;PAZ DE RIO;2;7;15537
317;PESCA;2;7;15542
318;PISBA;2;7;15550
319;PUERTO BOYACA;2;7;15572
320;QUIPAMA;2;7;15580
321;RAMIRIQUI;2;7;15599
322;RAQUIRA;2;7;15600
323;RONDON;2;7;15621
324;SABOYA;2;7;15632
325;SACHICA;2;7;15638
326;SAMACA;2;7;15646
327;SAN EDUARDO;2;7;15660
328;SAN JOSE DE PARE;2;7;15664
329;SAN LUIS DE GACENO;2;7;15667
330;SAN MATEO;2;7;15673
331;SAN MIGUEL DE SEMA;2;7;15676
332;SAN PABLO DE BORBUR;2;7;15681
333;SANTA MARIA;2;7;15690
334;SANTA ROSA DE VITERBO;2;7;15693
335;SANTA SOFIA;2;7;15696
336;SANTANA;2;7;15686
337;SATIVANORTE;2;7;15720
338;SATIVASUR;2;7;15723
339;SIACHOQUE;2;7;15740
340;SOATA;2;7;15753
341;SOCHA;2;7;15757
342;SOCOTA;2;7;15755
343;SOGAMOSO;2;7;15759
344;SOMONDOCO;2;7;15761
345;SORA;2;7;15762
346;SORACA;2;7;15764
347;SOTAQUIRA;2;7;15763
348;SUSACON;2;7;15774
349;SUTAMARCHAN;2;7;15776
350;SUTATENZA;2;7;15778
351;TASCO;2;7;15790
352;TENZA;2;7;15798
353;TIBANA;2;7;15804
354;TIBASOSA;2;7;15806
355;TINJACA;2;7;15808
356;TIPACOQUE;2;7;15810
357;TOCA;2;7;15814
358;TOGÜI;2;7;15816
359;TOPAGA;2;7;15820
360;TOTA;2;7;15822
361;TUNJA;2;7;15001
362;TUNUNGUA;2;7;15832
363;TURMEQUE;2;7;15835
364;TUTA;2;7;15837
365;TUTAZA;2;7;15839
366;UMBITA;2;7;15842
367;VENTAQUEMADA;2;7;15861
368;VILLA DE LEYVA;2;7;15407
369;VIRACACHA;2;7;15879
370;ZETAQUIRA;2;7;15897
371;AGUADAS;2;8;17013
372;ANSERMA;2;8;17042
373;ARANZAZU;2;8;17050
374;BELALCAZAR;2;8;17088
375;CHINCHINA;2;8;17174
376;FILADELFIA;2;8;17272
377;LA DORADA;2;8;17380
378;LA MERCED;2;8;17388
379;MANIZALES;2;8;17001
380;MANZANARES;2;8;17433
381;MARMATO;2;8;17442
382;MARQUETALIA;2;8;17444
383;MARULANDA;2;8;17446
384;NEIRA;2;8;17486
385;NORCASIA;2;8;17495
386;PACORA;2;8;17513
387;PALESTINA;2;8;17524
388;PENSILVANIA;2;8;17541
389;RIOSUCIO;2;8;17614
390;RISARALDA;2;8;17616
391;SALAMINA;2;8;17653
392;SAMANA;2;8;17662
393;SAN JOSE;2;8;17665
394;SUPIA;2;8;17777
395;VICTORIA;2;8;17867
396;VILLAMARIA;2;8;17873
397;VITERBO;2;8;17877
398;ALBANIA;2;9;18029
399;BELEN DE LOS ANDAQUIES;2;9;18094
400;CARTAGENA DEL CHAIRA;2;9;18150
401;CURILLO;2;9;18205
402;EL DONCELLO;2;9;18247
403;EL PAUJIL;2;9;18256
404;FLORENCIA;2;9;18001
405;LA MONTAÑITA;2;9;18410
406;MILAN;2;9;18460
407;MORELIA;2;9;18479
408;PUERTO RICO;2;9;18592
409;SAN JOSE DEL FRAGUA;2;9;18610
410;SAN VICENTE DEL CAGUAN;2;9;18753
411;SOLANO;2;9;18756
412;SOLITA;2;9;18785
413;VALPARAISO;2;9;18860
414;AGUAZUL;2;10;85010
415;CHAMEZA;2;10;85015
416;HATO COROZAL;2;10;85125
417;LA SALINA;2;10;85136
418;MANI;2;10;85139
419;MONTERREY;2;10;85162
420;NUNCHIA;2;10;85225
421;OROCUE;2;10;85230
422;PAZ DE ARIPORO;2;10;85250
423;PORE;2;10;85263
424;RECETOR;2;10;85279
425;SABANALARGA;2;10;85300
426;SACAMA;2;10;85315
427;SAN LUIS DE PALENQUE;2;10;85325
428;TAMARA;2;10;85400
429;TAURAMENA;2;10;85410
430;TRINIDAD;2;10;85430
431;VILLANUEVA;2;10;85440
432;YOPAL;2;10;85001
433;ALMAGUER;2;11;19022
434;ARGELIA;2;11;19050
435;BALBOA;2;11;19075
436;BOLIVAR;2;11;19100
437;BUENOS AIRES;2;11;19110
438;CAJIBIO;2;11;19130
439;CALDONO;2;11;19137
440;CALOTO;2;11;19142
441;CORINTO;2;11;19212
442;EL TAMBO;2;11;19256
443;FLORENCIA;2;11;19290
444;GUAPI;2;11;19318
445;INZA;2;11;19355
446;JAMBALO;2;11;19364
447;LA SIERRA;2;11;19392
448;LA VEGA;2;11;19397
449;LOPEZ;2;11;19418
450;MERCADERES;2;11;19450
451;MIRANDA;2;11;19455
452;MORALES;2;11;19473
453;PADILLA;2;11;19513
454;PAEZ;2;11;19517
455;PATIA;2;11;19532
456;PIAMONTE;2;11;19533
457;PIENDAMO;2;11;19548
458;POPAYAN;2;11;19001
459;PUERTO TEJADA;2;11;19573
460;PURACE;2;11;19585
461;ROSAS;2;11;19622
462;SAN SEBASTIAN;2;11;19693
463;SANTA ROSA;2;11;19701
464;SANTANDER DE QUILICHAO;2;11;19698
465;SILVIA;2;11;19743
466;SOTARA;2;11;19760
467;SUAREZ;2;11;19780
468;SUCRE;2;11;19785
469;TIMBIO;2;11;19807
470;TIMBIQUI;2;11;19809
471;TORIBIO;2;11;19821
472;TOTORO;2;11;19824
473;VILLA RICA;2;11;19845
474;AGUACHICA;2;12;20011
475;AGUSTIN CODAZZI;2;12;20013
476;ASTREA;2;12;20032
477;BECERRIL;2;12;20045
478;BOSCONIA;2;12;20060
479;CHIMICHAGUA;2;12;20175
480;CHIRIGUANA;2;12;20178
481;CURUMANI;2;12;20228
482;EL COPEY;2;12;20238
483;EL PASO;2;12;20250
484;GAMARRA;2;12;20295
485;GONZALEZ;2;12;20310
486;LA GLORIA;2;12;20383
487;LA JAGUA DE IBIRICO;2;12;20400
488;LA PAZ;2;12;20621
489;MANAURE;2;12;20443
490;PAILITAS;2;12;20517
491;PELAYA;2;12;20550
492;PUEBLO BELLO;2;12;20570
493;RIO DE ORO;2;12;20614
494;SAN ALBERTO;2;12;20710
495;SAN DIEGO;2;12;20750
496;SAN MARTIN;2;12;20770
497;TAMALAMEQUE;2;12;20787
498;VALLEDUPAR;2;12;20001
499;ACANDI;2;13;27006
500;ALTO BAUDO;2;13;27025
501;ATRATO;2;13;27050
502;BAGADO;2;13;27073
503;BAHIA SOLANO;2;13;27075
504;BAJO BAUDO;2;13;27077
505;BELEN DE BAJIRA;2;13;27086
506;BOJAYA;2;13;27099
507;CARMEN DEL DARIEN;2;13;27150
508;CERTEGUI;2;13;27160
509;CONDOTO;2;13;27205
510;EL CANTON DEL SAN PABLO;2;13;27135
511;EL CARMEN DE ATRATO;2;13;27245
512;EL LITORAL DEL SAN JUAN;2;13;27250
513;ISTMINA;2;13;27361
514;JURADO;2;13;27372
515;LLORO;2;13;27413
516;MEDIO ATRATO;2;13;27425
517;MEDIO BAUDO;2;13;27430
518;MEDIO SAN JUAN;2;13;27450
519;NOVITA;2;13;27491
520;NUQUI;2;13;27495
521;QUIBDO;2;13;27001
522;RIO IRO;2;13;27580
523;RIO QUITO;2;13;27600
524;RIOSUCIO;2;13;27615
525;SAN JOSE DEL PALMAR;2;13;27660
526;SIPI;2;13;27745
527;TADO;2;13;27787
528;UNGUIA;2;13;27800
529;UNION PANAMERICANA;2;13;27810
530;AYAPEL;2;14;23068
531;BUENAVISTA;2;14;23079
532;CANALETE;2;14;23090
533;CERETE;2;14;23162
534;CHIMA;2;14;23168
535;CHINU;2;14;23182
536;CIENAGA DE ORO;2;14;23189
537;COTORRA;2;14;23300
538;LA APARTADA;2;14;23350
539;LORICA;2;14;23417
540;LOS CORDOBAS;2;14;23419
541;MOMIL;2;14;23464
542;MONTELIBANO;2;14;23466
543;MONTERIA;2;14;23001
544;MOÑITOS;2;14;23500
545;PLANETA RICA;2;14;23555
546;PUEBLO NUEVO;2;14;23570
547;PUERTO ESCONDIDO;2;14;23574
548;PUERTO LIBERTADOR;2;14;23580
549;PURISIMA;2;14;23586
550;SAHAGUN;2;14;23660
551;SAN ANDRES SOTAVENTO;2;14;23670
552;SAN ANTERO;2;14;23672
553;SAN BERNARDO DEL VIENTO;2;14;23675
554;SAN CARLOS;2;14;23678
555;SAN PELAYO;2;14;23686
556;TIERRALTA;2;14;23807
557;VALENCIA;2;14;23855
558;AGUA DE DIOS;2;15;25001
559;ALBAN;2;15;25019
560;ANAPOIMA;2;15;25035
561;ANOLAIMA;2;15;25040
562;APULO;2;15;25599
563;ARBELAEZ;2;15;25053
564;BELTRAN;2;15;25086
565;BITUIMA;2;15;25095
566;BOJACA;2;15;25099
567;CABRERA;2;15;25120
568;CACHIPAY;2;15;25123
569;CAJICA;2;15;25126
570;CAPARRAPI;2;15;25148
571;CAQUEZA;2;15;25151
572;CARMEN DE CARUPA;2;15;25154
573;CHAGUANI;2;15;25168
574;CHIA;2;15;25175
575;CHIPAQUE;2;15;25178
576;CHOACHI;2;15;25181
577;CHOCONTA;2;15;25183
578;COGUA;2;15;25200
579;COTA;2;15;25214
580;CUCUNUBA;2;15;25224
581;EL COLEGIO;2;15;25245
582;EL PEÑON;2;15;25258
583;EL ROSAL;2;15;25260
584;FACATATIVA;2;15;25269
585;FOMEQUE;2;15;25279
586;FOSCA;2;15;25281
587;FUNZA;2;15;25286
588;FUQUENE;2;15;25288
589;FUSAGASUGA;2;15;25290
590;GACHALA;2;15;25293
591;GACHANCIPA;2;15;25295
592;GACHETA;2;15;25297
593;GAMA;2;15;25299
594;GIRARDOT;2;15;25307
595;GRANADA;2;15;25312
596;GUACHETA;2;15;25317
597;GUADUAS;2;15;25320
598;GUASCA;2;15;25322
599;GUATAQUI;2;15;25324
600;GUATAVITA;2;15;25326
601;GUAYABAL DE SIQUIMA;2;15;25328
602;GUAYABETAL;2;15;25335
603;GUTIERREZ;2;15;25339
604;JERUSALEN;2;15;25368
605;JUNIN;2;15;25372
606;LA CALERA;2;15;25377
607;LA MESA;2;15;25386
608;LA PALMA;2;15;25394
609;LA PEÑA;2;15;25398
610;LA VEGA;2;15;25402
611;LENGUAZAQUE;2;15;25407
612;MACHETA;2;15;25426
613;MADRID;2;15;25430
614;MANTA;2;15;25436
615;MEDINA;2;15;25438
616;MOSQUERA;2;15;25473
617;NARIÑO;2;15;25483
618;NEMOCON;2;15;25486
619;NILO;2;15;25488
620;NIMAIMA;2;15;25489
621;NOCAIMA;2;15;25491
622;PACHO;2;15;25513
623;PAIME;2;15;25518
624;PANDI;2;15;25524
625;PARATEBUENO;2;15;25530
626;PASCA;2;15;25535
627;PUERTO SALGAR;2;15;25572
628;PULI;2;15;25580
629;QUEBRADANEGRA;2;15;25592
630;QUETAME;2;15;25594
631;QUIPILE;2;15;25596
632;RICAURTE;2;15;25612
633;SAN ANTONIO DEL TEQUENDAMA;2;15;25645
634;SAN BERNARDO;2;15;25649
635;SAN CAYETANO;2;15;25653
636;SAN FRANCISCO;2;15;25658
637;SAN JUAN DE RIO SECO;2;15;25662
638;SASAIMA;2;15;25718
639;SESQUILE;2;15;25736
640;SIBATE;2;15;25740
641;SILVANIA;2;15;25743
642;SIMIJACA;2;15;25745
643;SOACHA;2;15;25754
644;SOPO;2;15;25758
645;SUBACHOQUE;2;15;25769
646;SUESCA;2;15;25772
647;SUPATA;2;15;25777
648;SUSA;2;15;25779
649;SUTATAUSA;2;15;25781
650;TABIO;2;15;25785
651;TAUSA;2;15;25793
652;TENA;2;15;25797
653;TENJO;2;15;25799
654;TIBACUY;2;15;25805
655;TIBIRITA;2;15;25807
656;TOCAIMA;2;15;25815
657;TOCANCIPA;2;15;25817
658;TOPAIPI;2;15;25823
659;UBALA;2;15;25839
660;UBAQUE;2;15;25841
661;UNE;2;15;25845
662;UTICA;2;15;25851
663;VENECIA;2;15;25506
664;VERGARA;2;15;25862
665;VIANI;2;15;25867
666;VILLA DE SAN DIEGO DE UBATE;2;15;25843
667;VILLAGOMEZ;2;15;25871
668;VILLAPINZON;2;15;25873
669;VILLETA;2;15;25875
670;VIOTA;2;15;25878
671;YACOPI;2;15;25885
672;ZIPACON;2;15;25898
673;ZIPAQUIRA;2;15;25899
674;BARRANCO MINAS;2;16;94343
675;CACAHUAL;2;16;94886
676;INIRIDA;2;16;94001
677;LA GUADALUPE;2;16;94885
678;MAPIRIPANA;2;16;94663
679;MORICHAL;2;16;94888
680;PANA PANA;2;16;94887
681;PUERTO COLOMBIA;2;16;94884
682;SAN FELIPE;2;16;94883
683;CALAMAR;2;17;95015
684;EL RETORNO;2;17;95025
685;MIRAFLORES;2;17;95200
686;SAN JOSE DEL GUAVIARE;2;17;95001
687;ACEVEDO;2;18;41006
688;AGRADO;2;18;41013
689;AIPE;2;18;41016
690;ALGECIRAS;2;18;41020
691;ALTAMIRA;2;18;41026
692;BARAYA;2;18;41078
693;CAMPOALEGRE;2;18;41132
694;COLOMBIA;2;18;41206
695;ELIAS;2;18;41244
696;GARZON;2;18;41298
697;GIGANTE;2;18;41306
698;GUADALUPE;2;18;41319
699;HOBO;2;18;41349
700;IQUIRA;2;18;41357
701;ISNOS;2;18;41359
702;LA ARGENTINA;2;18;41378
703;LA PLATA;2;18;41396
704;NATAGA;2;18;41483
705;NEIVA;2;18;41001
706;OPORAPA;2;18;41503
707;PAICOL;2;18;41518
708;PALERMO;2;18;41524
709;PALESTINA;2;18;41530
710;PITAL;2;18;41548
711;PITALITO;2;18;41551
712;RIVERA;2;18;41615
713;SALADOBLANCO;2;18;41660
714;SAN AGUSTIN;2;18;41668
715;SANTA MARIA;2;18;41676
716;SUAZA;2;18;41770
717;TARQUI;2;18;41791
718;TELLO;2;18;41799
719;TERUEL;2;18;41801
720;TESALIA;2;18;41797
721;TIMANA;2;18;41807
722;VILLAVIEJA;2;18;41872
723;YAGUARA;2;18;41885
724;ALBANIA;2;19;44035
725;BARRANCAS;2;19;44078
726;DIBULLA;2;19;44090
727;DISTRACCION;2;19;44098
728;EL MOLINO;2;19;44110
729;FONSECA;2;19;44279
730;HATONUEVO;2;19;44378
731;LA JAGUA DEL PILAR;2;19;44420
732;MAICAO;2;19;44430
733;MANAURE;2;19;44560
734;RIOHACHA;2;19;44001
735;SAN JUAN DEL CESAR;2;19;44650
736;URIBIA;2;19;44847
737;URUMITA;2;19;44855
738;VILLANUEVA;2;19;44874
739;ALGARROBO;2;20;47030
740;ARACATACA;2;20;47053
741;ARIGUANI;2;20;47058
742;CERRO SAN ANTONIO;2;20;47161
743;CHIBOLO;2;20;47170
744;CIENAGA;2;20;47189
745;CONCORDIA;2;20;47205
746;EL BANCO;2;20;47245
747;EL PIÑON;2;20;47258
748;EL RETEN;2;20;47268
749;FUNDACION;2;20;47288
750;GUAMAL;2;20;47318
751;NUEVA GRANADA;2;20;47460
752;PEDRAZA;2;20;47541
753;PIJIÑO DEL CARMEN;2;20;47545
754;PIVIJAY;2;20;47551
755;PLATO;2;20;47555
756;PUEBLOVIEJO;2;20;47570
757;REMOLINO;2;20;47605
758;SABANAS DE SAN ANGEL;2;20;47660
759;SALAMINA;2;20;47675
760;SAN SEBASTIAN DE BUENAVISTA;2;20;47692
761;SAN ZENON;2;20;47703
762;SANTA ANA;2;20;47707
763;SANTA BARBARA DE PINTO;2;20;47720
764;SANTA MARTA;2;20;47001
765;SITIONUEVO;2;20;47745
766;TENERIFE;2;20;47798
767;ZAPAYAN;2;20;47960
768;ZONA BANANERA;2;20;47980
769;ACACIAS;2;21;50006
770;BARRANCA DE UPIA;2;21;50110
771;CABUYARO;2;21;50124
772;CASTILLA LA NUEVA;2;21;50150
773;CUBARRAL;2;21;50223
774;CUMARAL;2;21;50226
775;EL CALVARIO;2;21;50245
776;EL CASTILLO;2;21;50251
777;EL DORADO;2;21;50270
778;FUENTE DE ORO;2;21;50287
779;GRANADA;2;21;50313
780;GUAMAL;2;21;50318
781;LA MACARENA;2;21;50350
782;LEJANIAS;2;21;50400
783;MAPIRIPAN;2;21;50325
784;MESETAS;2;21;50330
785;PUERTO CONCORDIA;2;21;50450
786;PUERTO GAITAN;2;21;50568
787;PUERTO LLERAS;2;21;50577
788;PUERTO LOPEZ;2;21;50573
789;PUERTO RICO;2;21;50590
790;RESTREPO;2;21;50606
791;SAN CARLOS DE GUAROA;2;21;50680
792;SAN JUAN DE ARAMA;2;21;50683
793;SAN JUANITO;2;21;50686
794;SAN MARTIN;2;21;50689
795;URIBE;2;21;50370
796;VILLAVICENCIO;2;21;50001
797;VISTAHERMOSA;2;21;50711
798;ALBAN;2;22;52019
799;ALDANA;2;22;52022
800;ANCUYA;2;22;52036
801;ARBOLEDA;2;22;52051
802;BARBACOAS;2;22;52079
803;BELEN;2;22;52083
804;BUESACO;2;22;52110
805;CHACHAGÜI;2;22;52240
806;COLON;2;22;52203
807;CONSACA;2;22;52207
808;CONTADERO;2;22;52210
809;CORDOBA;2;22;52215
810;CUASPUD;2;22;52224
811;CUMBAL;2;22;52227
812;CUMBITARA;2;22;52233
813;EL CHARCO;2;22;52250
814;EL PEÑOL;2;22;52254
815;EL ROSARIO;2;22;52256
816;EL TABLON DE GOMEZ;2;22;52258
817;EL TAMBO;2;22;52260
818;FRANCISCO PIZARRO;2;22;52520
819;FUNES;2;22;52287
820;GUACHUCAL;2;22;52317
821;GUAITARILLA;2;22;52320
822;GUALMATAN;2;22;52323
823;ILES;2;22;52352
824;IMUES;2;22;52354
825;IPIALES;2;22;52356
826;LA CRUZ;2;22;52378
827;LA FLORIDA;2;22;52381
828;LA LLANADA;2;22;52385
829;LA TOLA;2;22;52390
830;LA UNION;2;22;52399
831;LEIVA;2;22;52405
832;LINARES;2;22;52411
833;LOS ANDES;2;22;52418
834;MAGÜI;2;22;52427
835;MALLAMA;2;22;52435
836;MOSQUERA;2;22;52473
837;NARIÑO;2;22;52480
838;OLAYA HERRERA;2;22;52490
839;OSPINA;2;22;52506
840;PASTO;2;22;52001
841;POLICARPA;2;22;52540
842;POTOSI;2;22;52560
843;PROVIDENCIA;2;22;52565
844;PUERRES;2;22;52573
845;PUPIALES;2;22;52585
846;RICAURTE;2;22;52612
847;ROBERTO PAYAN;2;22;52621
848;SAMANIEGO;2;22;52678
849;SAN BERNARDO;2;22;52685
850;SAN LORENZO;2;22;52687
851;SAN PABLO;2;22;52693
852;SAN PEDRO DE CARTAGO;2;22;52694
853;SANDONA;2;22;52683
854;SANTA BARBARA;2;22;52696
855;SANTACRUZ;2;22;52699
856;SAPUYES;2;22;52720
857;TAMINANGO;2;22;52786
858;TANGUA;2;22;52788
859;TUMACO;2;22;52835
860;TUQUERRES;2;22;52838
861;YACUANQUER;2;22;52885
862;ABREGO;2;23;54003
863;ARBOLEDAS;2;23;54051
864;BOCHALEMA;2;23;54099
865;BUCARASICA;2;23;54109
866;CACHIRA;2;23;54128
867;CACOTA;2;23;54125
868;CHINACOTA;2;23;54172
869;CHITAGA;2;23;54174
870;CONVENCION;2;23;54206
871;CUCUTA;2;23;54001
872;CUCUTILLA;2;23;54223
873;DURANIA;2;23;54239
874;EL CARMEN;2;23;54245
875;EL TARRA;2;23;54250
876;EL ZULIA;2;23;54261
877;GRAMALOTE;2;23;54313
878;HACARI;2;23;54344
879;HERRAN;2;23;54347
880;LA ESPERANZA;2;23;54385
881;LA PLAYA;2;23;54398
882;LABATECA;2;23;54377
883;LOS PATIOS;2;23;54405
884;LOURDES;2;23;54418
885;MUTISCUA;2;23;54480
886;OCAÑA;2;23;54498
887;PAMPLONA;2;23;54518
888;PAMPLONITA;2;23;54520
889;PUERTO SANTANDER;2;23;54553
890;RAGONVALIA;2;23;54599
891;SALAZAR;2;23;54660
892;SAN CALIXTO;2;23;54670
893;SAN CAYETANO;2;23;54673
894;SANTIAGO;2;23;54680
895;SARDINATA;2;23;54720
896;SILOS;2;23;54743
897;TEORAMA;2;23;54800
898;TIBU;2;23;54810
899;TOLEDO;2;23;54820
900;VILLA CARO;2;23;54871
901;VILLA DEL ROSARIO;2;23;54874
902;COLON;2;24;86219
903;LEGUIZAMO;2;24;86573
904;MOCOA;2;24;86001
905;ORITO;2;24;86320
906;PUERTO ASIS;2;24;86568
907;PUERTO CAICEDO;2;24;86569
908;PUERTO GUZMAN;2;24;86571
909;SAN FRANCISCO;2;24;86755
910;SAN MIGUEL;2;24;86757
911;SANTIAGO;2;24;86760
912;SIBUNDOY;2;24;86749
913;VALLE DEL GUAMUEZ;2;24;86865
914;VILLAGARZON;2;24;86885
915;ARMENIA;2;25;63001
916;BUENAVISTA;2;25;63111
917;CALARCA;2;25;63130
918;CIRCASIA;2;25;63190
919;CORDOBA;2;25;63212
920;FILANDIA;2;25;63272
921;GENOVA;2;25;63302
922;LA TEBAIDA;2;25;63401
923;MONTENEGRO;2;25;63470
924;PIJAO;2;25;63548
925;QUIMBAYA;2;25;63594
926;SALENTO;2;25;63690
927;APIA;2;26;66045
928;BALBOA;2;26;66075
929;BELEN DE UMBRIA;2;26;66088
930;DOSQUEBRADAS;2;26;66170
931;GUATICA;2;26;66318
932;LA CELIA;2;26;66383
933;LA VIRGINIA;2;26;66400
934;MARSELLA;2;26;66440
935;MISTRATO;2;26;66456
936;PEREIRA;2;26;66001
937;PUEBLO RICO;2;26;66572
938;QUINCHIA;2;26;66594
939;SANTA ROSA DE CABAL;2;26;66682
940;SANTUARIO;2;26;66687
941;AGUADA;2;27;68013
942;ALBANIA;2;27;68020
943;ARATOCA;2;27;68051
944;BARBOSA;2;27;68077
945;BARICHARA;2;27;68079
946;BARRANCABERMEJA;2;27;68081
947;BETULIA;2;27;68092
948;BOLIVAR;2;27;68101
949;BUCARAMANGA;2;27;68001
950;CABRERA;2;27;68121
951;CALIFORNIA;2;27;68132
952;CAPITANEJO;2;27;68147
953;CARCASI;2;27;68152
954;CEPITA;2;27;68160
955;CERRITO;2;27;68162
956;CHARALA;2;27;68167
957;CHARTA;2;27;68169
958;CHIMA;2;27;68176
959;CHIPATA;2;27;68179
960;CIMITARRA;2;27;68190
961;CONCEPCION;2;27;68207
962;CONFINES;2;27;68209
963;CONTRATACION;2;27;68211
964;COROMORO;2;27;68217
965;CURITI;2;27;68229
966;EL CARMEN DE CHUCURI;2;27;68235
967;EL GUACAMAYO;2;27;68245
968;EL PEÑON;2;27;68250
969;EL PLAYON;2;27;68255
970;ENCINO;2;27;68264
971;ENCISO;2;27;68266
972;FLORIAN;2;27;68271
973;FLORIDABLANCA;2;27;68276
974;GALAN;2;27;68296
975;GAMBITA;2;27;68298
976;GIRON;2;27;68307
977;GUACA;2;27;68318
978;GUADALUPE;2;27;68320
979;GUAPOTA;2;27;68322
980;GUAVATA;2;27;68324
981;GÜEPSA;2;27;68327
982;HATO;2;27;68344
983;JESUS MARIA;2;27;68368
984;JORDAN;2;27;68370
985;LA BELLEZA;2;27;68377
986;LA PAZ;2;27;68397
987;LANDAZURI;2;27;68385
988;LEBRIJA;2;27;68406
989;LOS SANTOS;2;27;68418
990;MACARAVITA;2;27;68425
991;MALAGA;2;27;68432
992;MATANZA;2;27;68444
993;MOGOTES;2;27;68464
994;MOLAGAVITA;2;27;68468
995;OCAMONTE;2;27;68498
996;OIBA;2;27;68500
997;ONZAGA;2;27;68502
998;PALMAR;2;27;68522
999;PALMAS DEL SOCORRO;2;27;68524
1000;PARAMO;2;27;68533
1001;PIEDECUESTA;2;27;68547
1002;PINCHOTE;2;27;68549
1003;PUENTE NACIONAL;2;27;68572
1004;PUERTO PARRA;2;27;68573
1005;PUERTO WILCHES;2;27;68575
1006;RIONEGRO;2;27;68615
1007;SABANA DE TORRES;2;27;68655
1008;SAN ANDRES;2;27;68669
1009;SAN BENITO;2;27;68673
1010;SAN GIL;2;27;68679
1011;SAN JOAQUIN;2;27;68682
1012;SAN JOSE DE MIRANDA;2;27;68684
1013;SAN MIGUEL;2;27;68686
1014;SAN VICENTE DE CHUCURI;2;27;68689
1015;SANTA BARBARA;2;27;68705
1016;SANTA HELENA DEL OPON;2;27;68720
1017;SIMACOTA;2;27;68745
1018;SOCORRO;2;27;68755
1019;SUAITA;2;27;68770
1020;SUCRE;2;27;68773
1021;SURATA;2;27;68780
1022;TONA;2;27;68820
1023;VALLE DE SAN JOSE;2;27;68855
1024;VELEZ;2;27;68861
1025;VETAS;2;27;68867
1026;VILLANUEVA;2;27;68872
1027;ZAPATOCA;2;27;68895
1028;BUENAVISTA;2;28;70110
1029;CAIMITO;2;28;70124
1030;CHALAN;2;28;70230
1031;COLOSO;2;28;70204
1032;COROZAL;2;28;70215
1033;COVEÑAS;2;28;70221
1034;EL ROBLE;2;28;70233
1035;GALERAS;2;28;70235
1036;GUARANDA;2;28;70265
1037;LA UNION;2;28;70400
1038;LOS PALMITOS;2;28;70418
1039;MAJAGUAL;2;28;70429
1040;MORROA;2;28;70473
1041;OVEJAS;2;28;70508
1042;PALMITO;2;28;70523
1043;SAMPUES;2;28;70670
1044;SAN BENITO ABAD;2;28;70678
1045;SAN JUAN DE BETULIA;2;28;70702
1046;SAN MARCOS;2;28;70708
1047;SAN ONOFRE;2;28;70713
1048;SAN PEDRO;2;28;70717
1049;SANTIAGO DE TOLU;2;28;70820
1050;SINCE;2;28;70742
1051;SINCELEJO;2;28;70001
1052;SUCRE;2;28;70771
1053;TOLU VIEJO;2;28;70823
1054;ALPUJARRA;2;29;73024
1055;ALVARADO;2;29;73026
1056;AMBALEMA;2;29;73030
1057;ANZOATEGUI;2;29;73043
1058;ARMERO;2;29;73055
1059;ATACO;2;29;73067
1060;CAJAMARCA;2;29;73124
1061;CARMEN DE APICALA;2;29;73148
1062;CASABIANCA;2;29;73152
1063;CHAPARRAL;2;29;73168
1064;COELLO;2;29;73200
1065;COYAIMA;2;29;73217
1066;CUNDAY;2;29;73226
1067;DOLORES;2;29;73236
1068;ESPINAL;2;29;73268
1069;FALAN;2;29;73270
1070;FLANDES;2;29;73275
1071;FRESNO;2;29;73283
1072;GUAMO;2;29;73319
1073;HERVEO;2;29;73347
1074;HONDA;2;29;73349
1075;IBAGUE;2;29;73001
1076;ICONONZO;2;29;73352
1077;LERIDA;2;29;73408
1078;LIBANO;2;29;73411
1079;MARIQUITA;2;29;73443
1080;MELGAR;2;29;73449
1081;MURILLO;2;29;73461
1082;NATAGAIMA;2;29;73483
1083;ORTEGA;2;29;73504
1084;PALOCABILDO;2;29;73520
1085;PIEDRAS;2;29;73547
1086;PLANADAS;2;29;73555
1087;PRADO;2;29;73563
1088;PURIFICACION;2;29;73585
1089;RIOBLANCO;2;29;73616
1090;RONCESVALLES;2;29;73622
1091;ROVIRA;2;29;73624
1092;SALDAÑA;2;29;73671
1093;SAN ANTONIO;2;29;73675
1094;SAN LUIS;2;29;73678
1095;SANTA ISABEL;2;29;73686
1096;SUAREZ;2;29;73770
1097;VALLE DE SAN JUAN;2;29;73854
1098;VENADILLO;2;29;73861
1099;VILLAHERMOSA;2;29;73870
1100;VILLARRICA;2;29;73873
1101;ALCALA;2;30;76020
1102;ANDALUCIA;2;30;76036
1103;ANSERMANUEVO;2;30;76041
1104;ARGELIA;2;30;76054
1105;BOLIVAR;2;30;76100
1106;BUENAVENTURA;2;30;76109
1107;BUGALAGRANDE;2;30;76113
1108;CAICEDONIA;2;30;76122
1109;CALI;2;30;76001
1110;CALIMA;2;30;76126
1111;CANDELARIA;2;30;76130
1112;CARTAGO;2;30;76147
1113;DAGUA;2;30;76233
1114;EL AGUILA;2;30;76243
1115;EL CAIRO;2;30;76246
1116;EL CERRITO;2;30;76248
1117;EL DOVIO;2;30;76250
1118;FLORIDA;2;30;76275
1119;GINEBRA;2;30;76306
1120;GUACARI;2;30;76318
1121;GUADALAJARA DE BUGA;2;30;76111
1122;JAMUNDI;2;30;76364
1123;LA CUMBRE;2;30;76377
1124;LA UNION;2;30;76400
1125;LA VICTORIA;2;30;76403
1126;OBANDO;2;30;76497
1127;PALMIRA;2;30;76520
1128;PRADERA;2;30;76563
1129;RESTREPO;2;30;76606
1130;RIOFRIO;2;30;76616
1131;ROLDANILLO;2;30;76622
1132;SAN PEDRO;2;30;76670
1133;SEVILLA;2;30;76736
1134;TORO;2;30;76823
1135;TRUJILLO;2;30;76828
1136;TULUA;2;30;76834
1137;ULLOA;2;30;76845
1138;VERSALLES;2;30;76863
1139;VIJES;2;30;76869
1140;YOTOCO;2;30;76890
1141;YUMBO;2;30;76892
1142;ZARZAL;2;30;76895
1143;CARURU;2;31;97161
1144;MITU;2;31;97001
1145;PACOA;2;31;97511
1146;PAPUNAUA;2;31;97777
1147;TARAIRA;2;31;97666
1148;YAVARATE;2;31;97889
1149;CUMARIBO;2;32;99773
1150;LA PRIMAVERA;2;32;99524
1151;PUERTO CARREÑO;2;32;99001
1152;SANTA ROSALIA;2;32;99624
